pad	1000000000
unk	1000000000
<s>	1000000000
</s>	1000000000
.	1997061
một	533748
và	498384
có	426362
là	396906
không	392025
của	359354
cho	343449
hai	306862
người	267505
các	265329
được	257543
trong	243826
mười	233006
đã	217439
để	215904
với	211785
những	210275
năm	203599
khi	198593
thành	189033
trăm	181025
công	170936
đây	168442
ở	155978
cũng	154404
ba	150215
đến	138729
còn	136028
này	135066
bị	131748
đầu	130639
ra	129229
nhiều	128212
vào	127714
về	125732
thể	123555
số	122918
phải	119360
nhà	116232
làm	113937
lại	113704
sẽ	113052
con	112234
như	111794
trên	111563
nghìn	109957
tôi	108371
nhân	108209
nước	106352
từ	101638
phố	98182
hiện	97726
việc	96619
sự	95428
ngày	95363
thì	92806
chín	92785
đi	92505
đồng	92366
chỉ	90707
bốn	89865
động	89691
chính	88563
tại	87272
anh	86346
gia	85860
phần	85839
bộ	84593
hàng	83927
cô	83803
sáu	83608
quốc	83189
chủ	83070
bạn	82622
cơ	82233
quan	81249
hơn	81079
tháng	80523
dân	80320
học	79863
định	79119
mình	78973
hà	78914
biết	78876
nhất	78582
trường	78270
nội	77889
đó	77743
nam	77237
tư	76701
tám	76685
nhưng	76034
mà	74446
mới	72190
bi	72048
rất	71748
bẩy	70979
trung	70690
mươi	69890
thanh	69274
điều	68134
việt	66962
đang	65939
sinh	65882
thời	65799
nên	64636
bình	64589
thế	64501
hội	64108
minh	63944
tình	62996
ông	62065
hành	61703
thực	61547
phát	61413
giá	61390
viên	61378
sau	60750
cao	60423
cả	59969
thông	59415
khác	57980
lý	57808
qua	57032
lên	56438
nhận	56275
trước	56231
nghiệp	56117
vẫn	56083
mỹ	55723
hát	55468
vi	55410
cách	55362
hợp	55319
vì	55223
hồ	55122
cùng	54986
nói	54348
chí	54140
điểm	53988
hình	53423
chuyện	53123
theo	51772
vụ	51486
kinh	51359
muốn	51212
sản	50434
năng	50234
đường	50111
thị	50058
xe	49763
đối	49532
hết	49391
đề	49317
em	48985
do	48610
tới	48483
tâm	48411
xuất	48355
cầu	48347
chồng	48064
tế	47952
tiếp	47662
ơ	47378
an	47325
lớn	47309
rằng	47275
chúng	46959
giờ	46920
doanh	46859
chưa	46826
bệnh	46473
nay	46446
cần	46435
yêu	46315
giải	46210
dụng	46164
bảo	46087
tăng	45714
trình	45511
nào	45433
họ	45299
thấy	45161
tiền	44558
ấy	44379
vai	43589
lai	43376
đại	43113
mặt	42911
thường	42692
tin	42682
ý	42648
cuộc	42528
án	42252
chức	41926
hay	41732
ăn	41473
tác	41120
văn	41057
kết	40802
đê	40775
bằng	40695
tự	40350
toàn	40324
ảnh	40284
o	40241
trọng	40240
lăm	39991
dự	39813
tiên	39708
giới	39508
thương	39400
bản	39312
li	39223
đều	39131
ban	39123
sống	39108
lượng	39073
diễn	39016
tuổi	38821
cảm	38810
giao	38650
lần	38523
quyết	38433
thật	38061
trẻ	37919
hóa	37359
sờ	37177
thủ	36880
cấp	36658
phương	36238
quả	36228
quá	35961
triển	35878
ta	35749
phòng	35711
tài	35346
pháp	35191
tạo	35074
bán	34956
khách	34919
tính	34427
lực	34365
ca	34335
vị	34276
mẹ	34230
khó	34202
tốt	34007
đình	33944
gian	33933
tập	33874
gì	33678
thu	33567
xã	33263
độ	33080
điện	32948
tổ	32882
quy	32858
liên	32834
thi	32788
khu	32749
chị	32738
trở	32685
máy	32601
báo	32552
linh	32268
chọn	32266
mạnh	32214
thứ	32176
bắt	32032
nữ	31871
phẩy	31871
thân	31694
on	31600
chuyên	31592
đất	31303
bất	31170
tịch	31161
bố	31013
ngoài	30989
tay	30780
vừa	30778
hầu	30739
hiệu	30693
giả	30505
nếu	30417
tiêu	30328
mua	30170
địa	29995
bé	29987
nhau	29951
trây	29900
sử	29757
chuyển	29671
chất	29606
phụ	29510
sở	29486
sĩ	29433
cổ	29363
gần	29285
đội	29242
trị	29131
khả	28892
tỉnh	28885
đưa	28768
thức	28718
tục	28385
rồi	28220
tra	28152
ủy	28112
hoàn	28088
nguyễn	27915
giảm	27848
tìm	27693
hệ	27693
bà	27662
cảnh	27635
loại	27545
vấn	27505
dịch	27443
hoạt	27437
phẩm	27417
chiến	27293
cái	27252
triệu	27218
nguyên	27141
trang	27068
dùng	26939
xây	26891
sát	26867
gây	26853
chứng	26716
vực	26535
hoặc	26411
nơi	26349
tham	26314
tích	25961
lúc	25806
ô	25790
thêm	25777
sáng	25722
khiến	25679
phạm	25670
dựng	25603
nghệ	25483
đạo	25354
chấm	25232
kỳ	25224
giúp	25208
đơn	25150
tiếng	24883
đẹp	24847
đấu	24811
sức	24757
đánh	24708
khai	24582
thiết	24573
bên	24486
đông	24472
vợ	24463
chơi	24406
kiến	24166
chế	24149
bao	24059
mang	24058
a	23921
đổi	23849
nhỏ	23795
bỏ	23744
ty	23738
ai	23690
yếu	23341
tỷ	23281
mức	23254
bàn	23125
tượng	23068
nữa	22817
xem	22754
phục	22634
dù	22611
quyền	22605
khoảng	22530
thích	22505
quân	22318
dẫn	22288
sao	22273
lập	22182
trận	22182
mọi	22089
hoa	21902
lời	21889
vậy	21875
đặc	21871
tiến	21806
vài	21702
thống	21686
từng	21610
kiểm	21566
lợi	21414
cứu	21343
biệt	21215
sách	21206
chống	21177
luôn	21157
khán	21022
biển	20919
chiếc	20895
bóng	20833
dài	20753
giữ	20721
nhiệm	20701
mất	20693
chi	20639
khá	20483
ngân	20437
bí	20408
lịch	20257
giữa	20252
chương	20230
mỗi	20201
chung	20194
cá	20134
nhập	20128
vật	20080
trí	20073
đời	20071
phim	19972
đủ	19959
gái	19853
câu	19815
sang	19731
hướng	19660
vệ	19638
nó	19621
cuối	19509
quản	19496
hải	19409
đàn	19383
kế	19333
ứng	19289
truyền	19253
hòa	19235
tranh	19191
xử	19190
luật	19169
lô	19153
nghị	19127
gặp	19021
viện	19020
chia	18987
ngành	18968
ít	18889
biến	18806
đoàn	18785
giáo	18678
mắt	18572
rớt	18391
ngay	18293
tuy	18287
phút	18213
hỏi	18186
vàng	18160
biểu	18151
lấy	18137
thuộc	18127
xuống	18033
tổng	18033
kể	18032
thay	18022
xin	17948
thư	17922
hộ	17900
phủ	17877
dây	17745
du	17742
đáng	17687
thuật	17680
tên	17648
vùng	17563
thái	17555
bài	17552
tử	17494
đúng	17486
dễ	17447
hạn	17400
cáo	17336
đạt	17319
thảo	17151
nhiên	17139
vốn	17099
tiết	16991
chân	16985
nổi	16947
tô	16936
so	16916
mở	16905
diện	16885
lòng	16885
cửa	16875
hôm	16775
vô	16741
kiện	16717
đầy	16655
trả	16611
mét	16595
trưởng	16558
nhật	16531
bê	16464
chuẩn	16386
hàn	16362
xác	16354
sân	16322
đảm	16319
khăn	16222
hoàng	16207
châu	16161
y	16092
chú	16090
dương	16080
cố	16078
nạn	16045
sắc	16007
trợ	15951
tàu	15852
tất	15844
rõ	15791
huyện	15768
xẩy	15739
phí	15725
trái	15660
khẩu	15658
bởi	15603
cứ	15594
đặt	15584
nhóm	15569
phép	15562
tấn	15524
bay	15497
thần	15492
màu	15415
niên	15412
trò	15408
nhanh	15398
ti	15367
mục	15348
ngoại	15323
tương	15315
ki	15280
phong	15279
nguồn	15233
tuần	15217
tinh	15207
hoạch	15157
nghĩ	15119
nhìn	15098
nhạc	15022
di	14982
thắng	14942
trạng	14934
phía	14932
cây	14922
chợ	14915
càng	14897
xét	14836
mùa	14831
bước	14791
hiểu	14766
thuốc	14695
mốt	14627
cộng	14576
dục	14551
danh	14539
vận	14536
chờ	14525
đẩy	14477
hưởng	14443
khoa	14426
tây	14408
lao	14407
liệu	14396
khám	14347
đồ	14314
chạy	14243
ơn	14209
vòng	14182
phân	14133
chết	14125
quận	14088
nghĩa	14084
đá	14062
thiếu	14012
mạng	13991
đào	13927
áp	13913
luận	13880
chiều	13873
đức	13863
gọi	13838
xi	13804
dưới	13804
lưu	13741
bắc	13717
mùng	13676
vê	13636
chịu	13631
ký	13602
tố	13566
độc	13555
hậu	13511
dành	13506
khánh	13464
long	13441
xa	13435
đa	13401
đêm	13395
nghiệm	13389
thấp	13389
trương	13358
phá	13350
đô	13337
da	13300
nông	13261
tối	13211
tê	13211
hạ	13205
phiên	13169
khẳng	13136
hữu	13134
khí	13130
chuyến	13112
chỗ	13104
đau	13097
đôi	13080
hồi	13073
sơn	13067
riêng	13047
nhằm	13019
quảng	12949
trách	12880
lan	12877
tưởng	12873
tội	12862
vui	12844
đóng	12821
rộng	12792
tết	12729
đâu	12701
lâu	12678
trực	12607
vũ	12500
khoản	12446
áo	12446
thiện	12356
kỹ	12326
ninh	12309
cung	12301
nằm	12270
trai	12180
vọng	12150
cực	12150
đứng	12058
chẳng	11958
mờ	11957
trần	11945
ha	11940
phúc	11927
lo	11926
ót	11899
nặng	11891
căn	11887
khỏi	11818
huy	11750
nghe	11728
xúc	11714
đoạn	11669
lễ	11641
duy	11634
âm	11514
môi	11506
lệ	11502
nhớ	11489
nghề	11478
chắc	11456
phiếu	11450
lê	11419
kỷ	11364
mô	11359
sẻ	11355
phản	11327
chấp	11290
biên	11267
đảo	11248
thuận	11239
nguy	11215
hiểm	11191
kiếm	11189
dung	11152
thủy	11112
bác	11102
coi	11083
hương	11036
tải	10925
hạt	10924
bờ	10914
kéo	10855
cờ	10849
thất	10797
ngờ	10795
lãnh	10773
góp	10770
i	10769
dầu	10711
sâu	10685
ích	10680
lớp	10660
tai	10623
giám	10531
cụ	10528
thoại	10505
sơ	10462
quý	10442
cháu	10401
xuân	10388
toán	10375
hồng	10375
hỗ	10369
khỏe	10365
tín	10325
lĩnh	10301
tuyến	10259
lộ	10237
mong	10216
ghi	10212
cán	10192
ngọc	10161
chứ	10074
đăng	10029
cải	10025
hạnh	9885
tòa	9860
vượt	9834
ấn	9804
gửi	9788
cường	9785
mẫu	9782
nền	9739
uống	9729
tuyển	9697
dấu	9604
lạc	9593
ngôi	9590
tỏ	9575
giấy	9548
sớm	9533
dạy	9519
món	9517
phù	9513
ét	9513
đà	9501
vẻ	9450
đấy	9444
mai	9430
phú	9335
mặc	9330
yên	9316
hấp	9287
môn	9263
ngồi	9250
tầng	9238
viết	9216
cạnh	9204
hại	9175
thăm	9164
chăm	9137
cầm	9128
cư	9128
ni	9127
nga	9126
sai	9121
hút	9120
ma	9071
nâng	9038
buổi	9030
luyện	9017
hôn	8993
nghiêm	8969
giống	8942
nuôi	8939
hùng	8929
nghiên	8925
hắn	8918
may	8904
thưởng	8902
đảng	8876
nóng	8862
thiên	8813
ổn	8776
xuyên	8754
sông	8745
quen	8740
âu	8739
thú	8729
quay	8728
vinh	8711
tuyên	8701
xanh	8695
mối	8684
bức	8681
quang	8676
cử	8674
kim	8664
suất	8657
trời	8644
lương	8634
đỏ	8632
mại	8603
thuê	8568
nghỉ	8521
chữa	8477
tờ	8454
trắng	8423
gam	8354
ngủ	8336
phối	8330
thôi	8326
vay	8289
tránh	8276
phạt	8156
cha	8141
cân	8139
lựa	8126
tiện	8123
mắc	8105
miền	8095
nhiễm	8071
nhu	8027
máu	8024
hãy	8011
thí	8010
phi	8001
cũ	7995
tân	7988
suy	7988
thúc	7985
trì	7962
quanh	7957
á	7934
chỉnh	7932
đứa	7911
quê	7899
ương	7888
gồm	7881
thử	7880
khởi	7855
tướng	7789
giác	7785
thơ	7758
nhẹ	7749
giang	7728
cánh	7699
khảo	7698
bầu	7693
tức	7627
ánh	7589
thẳng	7576
làng	7547
lạ	7541
nhờ	7539
mưa	7519
cười	7501
binh	7499
biện	7498
lâm	7496
ưu	7472
nợ	7471
lửa	7471
chút	7465
phường	7462
lẽ	7443
mật	7421
cơn	7418
đón	7392
phó	7390
khắc	7385
chiếm	7377
đáp	7377
soát	7376
đổ	7350
nghi	7335
sợ	7282
thuế	7266
tận	7264
mấy	7256
dịp	7251
hạng	7241
buộc	7240
bánh	7191
lắm	7169
khúc	7127
thôn	7103
cháy	7093
phê	7090
suốt	7082
hơi	7070
phóng	7069
phổ	7047
trao	7038
giai	7014
buồn	7005
dưỡng	7000
cập	6990
cục	6988
dòng	6988
chắn	6966
quần	6955
tuyệt	6954
quán	6942
tốc	6902
niệm	6890
bày	6889
sóc	6882
sẵn	6878
thịt	6871
thừa	6870
niềm	6851
tiểu	6848
kẻ	6843
ớt	6823
cà	6820
cắt	6813
chàng	6781
bạc	6779
kém	6778
giản	6773
tặng	6765
sắp	6764
tái	6750
ly	6741
siêu	6701
lãi	6699
thẩm	6697
pi	6691
tạm	6689
bổ	6685
chở	6685
thai	6681
nhiệt	6679
la	6676
tóc	6638
cam	6595
cậu	6580
đọc	6549
song	6533
in	6509
triều	6509
xếp	6507
nửa	6504
hẳn	6493
xấu	6487
nhi	6476
sư	6450
u	6449
khoán	6438
to	6437
kịch	6428
kiểu	6424
lỗi	6418
sa	6413
hy	6380
nghèo	6367
dần	6350
khối	6349
e	6311
lạnh	6296
cưới	6289
hào	6285
hiệp	6281
họp	6279
tĩnh	6277
xê	6277
lá	6276
trải	6260
thoát	6224
cận	6209
gờ	6205
dạng	6202
đợi	6194
kích	6193
tim	6183
ngại	6178
bại	6170
tộc	6153
kịp	6135
đen	6124
thao	6043
chóng	6031
mái	6031
khủng	6029
chặt	6017
mơ	6011
đòi	6010
mu	5946
chụp	5888
liệt	5877
màn	5866
sữa	5865
my	5848
mê	5839
rút	5825
kia	5819
bè	5810
han	5805
lái	5773
hài	5755
đột	5744
xung	5737
thiệt	5733
ngắn	5689
nỗi	5688
đương	5678
ép	5678
rơi	5675
thậm	5666
nẵng	5666
gắn	5657
giành	5656
thụ	5647
dàng	5633
tôn	5632
tồn	5617
sửa	5595
hằng	5584
sạch	5582
đậu	5566
ung	5558
tầm	5555
băng	5552
tắc	5539
ngăn	5505
đem	5505
tệ	5504
ri	5491
đích	5479
khắp	5470
đốc	5463
gắng	5443
thác	5438
bật	5432
mãi	5423
rừng	5415
huấn	5396
vững	5384
xong	5367
cặp	5346
cấu	5299
bây	5296
dũng	5243
nơ	5239
mã	5232
vách	5217
khóa	5201
hè	5194
dừng	5190
sung	5171
ước	5168
tươi	5161
hao	5157
đài	5154
bảng	5140
sóng	5134
chữ	5124
chục	5123
nổ	5122
thầy	5117
quà	5107
lược	5103
pha	5101
đỡ	5091
nhắc	5086
trồng	5084
dáng	5079
họa	5079
đám	5066
hề	5062
rau	5058
kính	5034
sởi	5031
quên	5026
nha	5022
khấu	4995
liền	4956
óp	4953
tù	4946
mộ	4942
sàng	4939
dư	4923
nối	4916
phận	4910
mời	4906
chốt	4901
loạt	4900
khuyến	4892
khổ	4890
mừng	4884
can	4860
hưng	4858
tuấn	4841
đẳng	4831
nhấn	4830
gương	4825
thận	4822
cuốn	4819
lờ	4813
lắng	4780
hãng	4771
kiên	4754
vé	4753
mềm	4737
truy	4736
miễn	4733
tơ	4695
trụ	4691
khóc	4686
thăng	4670
bào	4666
ràng	4665
cơm	4660
nàng	4658
dao	4654
kháng	4650
tấm	4650
gốc	4636
lục	4633
vân	4632
nhiêu	4630
sàn	4620
than	4615
sài	4612
đoán	4605
ngã	4602
bạch	4599
rượu	4598
lượt	4596
nét	4595
lệnh	4595
thỏa	4594
tỉ	4591
nắm	4571
núi	4556
kêu	4551
ấm	4542
sỹ	4536
quỹ	4516
cấm	4510
chậm	4509
vong	4499
vết	4496
ngược	4486
trông	4468
thua	4459
đe	4458
gà	4450
cướp	4444
chào	4440
đua	4434
khích	4425
dứt	4425
bò	4419
dị	4411
đừng	4404
miệng	4402
nhảy	4399
vỡ	4393
xu	4392
thiệu	4391
lớt	4390
mát	4376
đợt	4365
vĩnh	4363
vít	4361
giết	4335
ôn	4328
chóc	4318
ngon	4312
lẫn	4311
dâu	4308
già	4304
giàu	4298
ủng	4283
nắng	4276
địch	4268
súng	4260
nỗ	4255
căng	4250
giọng	4247
khen	4239
bãi	4229
gòn	4211
khát	4211
nguyện	4203
bơ	4187
chấn	4181
rơ	4163
đuổi	4155
ngang	4152
viêm	4144
túy	4139
thuyết	4135
võ	4135
mi	4133
gió	4133
trưng	4133
túi	4125
sắt	4123
en	4122
rối	4121
xăng	4119
đâm	4113
nhuận	4108
huyết	4093
buôn	4074
thượng	4065
ngữ	4065
trúc	4056
côn	4044
gấp	4032
gỡ	4031
mắn	4031
mũi	4029
khẩn	4022
mẽ	4021
chiếu	4015
bin	4006
tháo	4001
mùi	3985
hiếm	3985
dậy	3978
xinh	3974
trùng	3967
kín	3956
bụng	3952
khô	3951
chứa	3949
bữa	3947
va	3944
uy	3936
bắn	3931
nấu	3928
mạch	3914
sốt	3903
chu	3899
lừa	3887
bến	3884
muối	3880
tung	3869
lành	3857
dữ	3848
chảy	3846
dám	3840
lối	3835
hẹn	3828
tường	3823
ngọt	3815
tạp	3782
lây	3754
đáo	3751
lỗ	3750
sôi	3743
khâu	3734
hứng	3724
góc	3722
ngập	3705
đèn	3685
tán	3675
kiệm	3674
dọa	3665
thách	3664
trộm	3661
vời	3657
nêu	3655
làn	3651
đỗ	3646
hảo	3641
dày	3628
chạm	3626
gạo	3623
bậc	3616
chó	3616
lưng	3599
cát	3593
rẻ	3581
su	3578
bột	3578
hâu	3578
vương	3566
thở	3566
chặn	3554
rời	3541
hoảng	3537
ngô	3524
loài	3524
huế	3521
đoạt	3519
giỏi	3518
xưa	3513
bít	3509
phấn	3506
ôm	3496
đập	3494
gói	3492
nhé	3483
lãng	3479
trứng	3477
vườn	3469
thập	3462
dựa	3460
trốn	3456
phán	3451
ga	3442
tri	3439
nộp	3419
hiến	3415
hiền	3414
co	3400
gợi	3394
trú	3391
xứ	3384
gỗ	3383
ngư	3361
đàm	3361
loạn	3354
tan	3334
trà	3333
oát	3328
lưới	3308
bão	3302
lầm	3298
dõi	3291
tháp	3286
ngừng	3281
giấu	3281
hồn	3281
thải	3279
ghế	3277
lũ	3276
thẻ	3274
dẫu	3273
mệt	3268
tu	3266
tiêm	3259
xóm	3254
cứng	3247
điển	3232
xương	3224
phẫu	3220
kê	3209
ngũ	3207
ẩn	3186
trại	3184
vuông	3177
trấn	3175
váy	3168
bốc	3164
huyền	3160
trừ	3159
chùa	3154
huống	3150
khuôn	3144
na	3141
chúc	3139
lộc	3137
xâm	3134
treo	3132
tắm	3132
ngực	3125
bền	3123
hủy	3121
che	3121
tiếc	3113
ống	3111
não	3109
thuyền	3099
duyên	3090
khoe	3075
kho	3070
giáp	3068
đỉnh	3067
tùng	3065
vải	3059
háp	3057
thù	3049
răng	3049
điệu	3047
tiềm	3047
lẻ	3046
ngôn	3040
mảnh	3036
thảm	3033
hứa	3032
sạn	3024
duyệt	3016
chừng	3015
thơm	3012
hộp	3007
lam	3006
tràn	2995
bạo	2988
tùy	2984
kèm	2979
bù	2977
chối	2975
tha	2975
pa	2974
rác	2961
cúm	2961
phan	2958
hoài	2958
bồi	2951
tọa	2949
bối	2949
bồ	2943
thầu	2942
tật	2935
thổ	2934
non	2931
đạp	2920
thúy	2914
cản	2907
trữ	2902
phức	2901
tỏa	2899
dinh	2898
thoải	2897
rửa	2890
cương	2888
tổn	2881
tròn	2880
trầm	2878
lúa	2877
ngàn	2874
sổ	2874
canh	2872
vỏ	2868
tốn	2868
khiển	2865
mưu	2855
bếp	2853
lạm	2835
hoang	2835
chơ	2832
vac	2830
thả	2828
trạm	2824
bó	2819
trinh	2819
nhắn	2818
trào	2817
vớt	2810
thắt	2804
mạc	2798
đền	2797
mỏi	2791
dường	2788
thọ	2788
giảng	2788
bát	2786
giường	2775
đốt	2773
lặng	2768
cú	2766
huynh	2755
phước	2750
ngoái	2749
giây	2749
trật	2747
nhũng	2746
hô	2731
ro	2730
cột	2725
pháo	2721
túc	2720
chìm	2719
đơ	2712
kênh	2709
tụ	2707
khéo	2701
táo	2698
sắm	2697
kiều	2697
đạn	2692
khung	2690
giật	2686
hiếu	2686
dâm	2685
pê	2685
giấc	2684
bọn	2681
nhượng	2680
xứng	2678
đãi	2672
bớt	2671
say	2669
nồi	2668
ruột	2661
cáp	2632
tôm	2630
thang	2629
trúng	2625
tông	2621
tang	2617
chăn	2615
đờ	2609
ngựa	2602
mực	2600
hâm	2596
khuyên	2596
hăn	2592
thói	2586
đắt	2580
hối	2552
banh	2549
dược	2545
bá	2541
nhưỡng	2537
cảng	2536
ngầm	2533
miếng	2533
viễn	2522
xen	2517
hư	2514
mãn	2500
loan	2496
lính	2491
chuyền	2480
cãi	2478
đồn	2475
tả	2471
giận	2460
giam	2458
tú	2456
khe	2454
ngộ	2449
cất	2443
hỏng	2438
dạ	2428
thiểu	2427
gọn	2419
rủi	2417
muộn	2409
vắng	2407
béo	2407
cai	2384
vả	2377
bận	2375
lang	2372
đĩa	2369
mượn	2361
trống	2360
đậm	2352
bông	2350
trưa	2349
lào	2344
phớt	2343
huỳnh	2327
đan	2327
bùi	2326
lông	2323
nụ	2317
mạn	2315
chủng	2312
săn	2307
cắp	2302
hổ	2289
trôi	2279
thép	2279
nhàng	2278
ngạc	2278
sút	2275
hỏa	2269
lọc	2268
quyến	2266
pờ	2261
bám	2258
bom	2257
vẽ	2256
giày	2253
thờ	2252
lão	2251
chợt	2250
đinh	2250
trích	2249
ví	2247
điệp	2247
nhịp	2245
chua	2241
khuẩn	2240
đựng	2240
đam	2238
mổ	2234
ác	2231
trộn	2229
sót	2227
xóa	2222
gan	2219
ngưỡng	2216
tam	2215
ẩm	2212
hàm	2209
ái	2208
nở	2203
tiệc	2199
lò	2192
hầm	2191
dính	2187
nghiện	2178
hung	2178
tứ	2177
ven	2175
bỏng	2172
lợn	2171
rào	2168
lắp	2157
vĩ	2144
tắt	2141
vua	2138
bia	2138
chim	2133
vất	2131
cỏ	2126
niêm	2124
bề	2120
ốc	2115
đẻ	2108
trục	2108
lậu	2107
cổng	2104
chẽ	2097
phái	2096
ân	2092
cốt	2090
chán	2088
lãm	2077
khép	2076
ê	2064
nai	2060
tách	2060
mỏng	2058
mệnh	2056
khoan	2048
khớp	2034
mỡ	2031
tuyết	2026
lít	2022
sứ	2016
vội	2015
tủ	2008
móc	2000
trọn	1998
bơi	1991
mù	1990
thụy	1980
chinh	1976
đai	1973
ngừa	1965
rũ	1964
gánh	1964
kem	1962
đùa	1961
đeo	1958
nhạy	1953
tàn	1953
lệch	1953
thiệp	1951
đo	1936
củ	1933
xế	1930
dọc	1929
thạch	1927
vẹn	1926
lọt	1922
mày	1921
vang	1920
tiệm	1920
dàn	1919
leo	1918
trọ	1917
eo	1914
xô	1914
mũ	1913
cựu	1903
ổ	1895
buýt	1884
khao	1881
pơ	1877
rà	1870
mâu	1869
chánh	1869
lôi	1869
truyện	1867
chiêu	1866
triệt	1862
rắn	1862
pu	1860
nhẫn	1859
thuần	1854
bùng	1851
phật	1846
bụi	1845
mến	1841
hôi	1841
thâm	1837
cống	1837
khiếu	1835
dụ	1835
ạ	1831
tàng	1827
quỳnh	1822
sốc	1820
nâu	1817
hi	1815
đói	1813
khống	1813
thợ	1812
thô	1804
đống	1802
vũng	1802
gối	1796
đầm	1794
bọc	1787
rỡ	1786
sợi	1786
phôn	1783
cẩn	1782
lơ	1782
dĩ	1781
nhãn	1776
thánh	1775
khuyết	1775
múa	1766
ghép	1761
lăng	1758
trăng	1756
bỗng	1753
mầm	1750
đắp	1745
hẹp	1744
khổng	1741
nấm	1738
ngọn	1734
tâu	1731
ném	1729
yết	1728
nhựa	1726
hoan	1723
top	1720
đáy	1718
nát	1717
dã	1715
kép	1714
thoáng	1713
mỏ	1712
diệt	1708
nồng	1707
ngõ	1704
nề	1704
thùng	1703
phỏng	1702
kha	1702
cỡ	1701
triết	1698
chôn	1695
mau	1686
xoay	1685
dịu	1684
hiển	1682
kì	1680
trịnh	1679
ngoan	1676
thịnh	1673
mây	1671
lồ	1669
tá	1667
đặng	1665
léo	1661
sen	1659
ngón	1651
nướng	1650
lấn	1650
vở	1647
liêm	1646
cẩm	1641
mốc	1638
giãn	1638
nhạt	1635
ngợi	1632
móng	1630
kiệt	1628
noi	1625
hỗn	1621
sánh	1620
im	1620
tráng	1619
khứ	1619
khang	1618
ơi	1618
rờ	1615
đếch	1605
muôn	1605
bóc	1604
bội	1603
yến	1602
rực	1602
thắp	1600
ách	1600
thuẫn	1598
mẻ	1597
đun	1597
vươn	1594
xả	1594
cup	1591
dưa	1590
nhánh	1585
bế	1584
ức	1582
ngào	1582
màng	1579
khói	1573
phổi	1572
ám	1569
bổng	1565
hắt	1562
chuỗi	1547
dọn	1547
bộc	1546
nô	1545
chuột	1542
cắm	1542
chê	1541
mèo	1540
mạo	1540
nảy	1538
ngắm	1537
dở	1530
cự	1529
đành	1525
xách	1524
dối	1524
cửu	1524
ưa	1523
thạnh	1523
vướng	1522
trâu	1519
mồ	1519
đế	1518
ảo	1515
lùi	1510
lắc	1510
rộn	1506
lứa	1506
xào	1505
xạ	1505
phiền	1503
cay	1502
chém	1500
giàn	1494
dắt	1494
vạn	1493
nhầm	1489
roi	1489
trừng	1487
diệu	1487
bách	1486
thùy	1484
vợt	1484
tuân	1484
thầm	1479
cưỡng	1475
hận	1474
ngãi	1473
gìn	1473
cóc	1471
ấp	1466
khôi	1458
lấp	1456
lí	1455
chúa	1455
rắc	1454
nút	1453
bắp	1451
lộn	1449
bút	1448
ong	1443
chai	1441
ruộng	1440
hò	1437
rạng	1435
phu	1435
man	1433
khanh	1429
thước	1427
heo	1416
chon	1414
liều	1413
nếp	1413
dại	1412
soạn	1409
tảng	1408
hở	1404
bú	1403
vây	1402
lân	1393
lin	1393
rét	1389
chăng	1389
dập	1389
râu	1388
lạt	1382
chênh	1381
lật	1380
mộc	1379
trân	1379
đuôi	1379
đớn	1379
oan	1377
hờ	1376
điên	1376
thoái	1373
tựu	1368
san	1368
tre	1367
nhung	1366
dội	1365
dãy	1364
trượt	1363
khoáng	1360
mọc	1359
má	1359
mì	1358
chặng	1358
sưu	1357
nguyệt	1355
ho	1352
ngơi	1350
bang	1344
gi	1343
gạch	1338
đắc	1338
voi	1336
hụt	1334
tím	1333
rãi	1330
ốm	1325
chảo	1323
củng	1322
tồi	1321
dồn	1317
khoai	1317
lỏng	1315
hưu	1313
manh	1312
lăn	1312
dạo	1311
hoành	1309
xông	1308
sập	1308
cắn	1308
dâng	1303
ham	1303
rủ	1302
đứt	1297
bì	1297
láng	1296
nhát	1295
chẩn	1295
dốc	1294
khoảnh	1293
hiếp	1290
mắm	1286
chửi	1285
gũi	1284
vác	1282
sụt	1281
mứt	1277
lỡ	1271
đằng	1271
mộng	1271
quái	1269
chả	1267
điền	1264
gã	1261
à	1261
kíp	1260
giáng	1260
ngâm	1258
dò	1258
vạch	1256
mông	1255
sương	1254
thấm	1252
xơ	1251
kẹt	1250
ghen	1249
pin	1249
xưởng	1248
nại	1246
nhan	1244
mặn	1242
ngự	1241
măng	1241
mụn	1240
ao	1240
rồng	1239
dừa	1238
nhậu	1238
khôn	1236
gò	1235
tẩy	1232
ùn	1232
sin	1231
bẩn	1230
tuệ	1230
kiềm	1230
vờ	1226
nôn	1223
nhở	1223
khơi	1223
dời	1222
khoăn	1221
thằng	1221
luân	1218
lát	1216
cong	1212
lùng	1210
vỉa	1206
ờ	1205
xích	1205
đắng	1203
rây	1200
cậy	1199
tiễn	1198
lở	1198
son	1192
mò	1188
xà	1187
rung	1187
hãi	1186
bơm	1177
phượng	1175
chuộng	1175
khiêu	1171
vịt	1169
ngột	1168
bàng	1168
cài	1167
đắn	1164
rẫy	1163
nhí	1163
nhã	1161
thổi	1160
đụng	1159
xá	1158
cụm	1158
sướng	1156
băn	1153
thự	1145
gắt	1144
bể	1143
hoãn	1141
chật	1138
cúng	1137
giọt	1134
vóc	1134
quãng	1134
hoại	1133
men	1132
rạp	1131
si	1129
cháo	1128
gián	1127
gãy	1125
cò	1123
vành	1123
chốn	1122
đồi	1121
buông	1120
mảng	1119
chanh	1119
bấm	1117
cốc	1116
cước	1112
bỉ	1110
bích	1108
quyên	1108
lồng	1108
chuối	1107
tràng	1106
phơi	1105
đúc	1101
nêm	1100
cua	1098
bưu	1098
thắc	1096
nàn	1096
cạn	1095
chốc	1094
uyên	1093
rèn	1093
xót	1091
khoác	1090
suối	1085
vặt	1084
quét	1084
cởi	1084
vú	1082
luồng	1081
chè	1081
nghiêng	1078
dán	1078
ráp	1078
loa	1078
nhơn	1078
diễm	1074
dỡ	1070
đán	1070
lót	1068
lũy	1068
thản	1065
mường	1064
dỗ	1061
gom	1059
boa	1059
nhắm	1055
chuông	1054
nốt	1052
lụt	1051
lặn	1051
đới	1048
ngọ	1048
nghịch	1048
nắp	1043
hố	1041
lạng	1041
dệt	1038
hái	1037
nhặt	1037
lưỡi	1034
chiên	1031
nhì	1031
liêu	1026
lưỡng	1024
hước	1022
họng	1020
háo	1020
cúp	1019
mồi	1018
châm	1017
thắn	1015
gay	1015
tớ	1012
xay	1012
thoảng	1012
trội	1009
ranh	1008
bịt	1005
khoái	1005
ròng	1005
xao	1003
đậy	1000
nhiếp	999
ngất	997
ngụ	997
soi	990
chọc	989
tống	989
hân	987
gác	985
ngạch	983
lặp	982
đòn	981
xôi	978
bón	976
đắm	975
muỗi	975
tạ	971
phế	971
hét	967
thấu	965
lau	963
mút	963
vấp	963
mắng	960
rể	959
pai	959
sim	959
tỏi	957
lường	954
thèm	950
khiêm	950
chớ	947
mịn	947
khan	945
thìa	944
rùa	943
kiêm	943
quỷ	942
trùm	941
xắn	938
mít	938
huệ	937
chén	934
thưa	933
ghét	933
tụng	932
vứt	931
tao	930
túng	930
tần	930
đè	927
xì	927
day	926
ướt	925
hức	924
cuồng	923
nứt	922
nho	921
phun	920
thiêng	919
hòn	918
kẹo	917
sụp	917
lột	916
liễu	914
gục	914
sếp	912
chui	911
hang	907
út	907
thủng	905
xít	905
bóp	899
nhục	893
tơn	891
cạp	888
vịnh	886
đuối	885
vỗ	885
khuất	884
rạch	884
tựa	883
com	883
am	883
hán	880
bấy	876
no	875
ồn	874
nhộn	874
vã	874
luộc	872
khái	872
bô	872
nhược	872
tò	869
ngần	869
nhị	868
phanh	868
cành	867
gai	866
thà	860
cu	858
ào	858
thềm	857
giặt	855
giếng	855
thạc	855
súc	855
chen	854
nén	854
nương	853
buồng	852
đạm	852
khiếp	852
rô	851
rải	850
bôi	849
đéc	849
ngưng	848
rít	844
lề	843
nã	843
ồ	842
trễ	840
phùng	839
chọi	839
xuôi	836
dẹp	831
ngỡ	830
nhỉ	830
kề	830
thục	829
teng	828
lội	827
đọng	827
mía	825
quát	823
êm	822
tát	821
đặn	820
giã	819
khê	819
phà	818
bẫy	818
đệm	817
dặn	816
nhức	816
gừng	816
rê	814
tấp	813
xí	812
oanh	811
ván	809
nhĩ	808
sưng	808
nhàn	807
lách	805
chậu	805
mỳ	802
chép	802
mòn	802
lung	801
rong	798
nan	798
tặc	796
hoi	796
nhường	795
ko	794
nôi	793
xám	791
giơ	789
úc	787
chớp	787
óc	785
mập	785
văng	782
ráo	782
sáp	780
cồn	780
tạng	778
bái	778
còi	777
đính	777
thám	776
lận	775
nọ	775
vy	773
lầu	772
thỉnh	770
xoa	770
phe	770
lui	769
dải	769
hẻm	769
hả	769
xát	768
nớt	765
gầy	765
trắc	763
ủi	763
bồn	762
đệ	762
dồi	761
xỉ	760
bùn	760
sườn	760
nuốt	760
chìa	758
đoan	756
nhuyễn	752
vọt	751
kĩ	745
mết	744
tí	743
xăm	739
ập	737
nghiệt	736
nạp	736
rệt	736
tụt	736
nhọn	734
bực	733
ghé	731
nguội	730
bún	727
chiêm	725
quế	725
đùi	724
ướp	724
gấu	724
cúc	724
cớ	723
lướt	723
khải	722
trạch	719
nhăn	719
qui	718
rang	717
rẽ	716
rao	716
cám	715
rộ	715
lốc	715
dạn	714
chéo	713
bọ	708
lánh	706
giềng	706
lọ	705
chải	704
chưng	703
khuya	698
khoang	697
dẻo	696
lạp	695
rụng	693
mí	692
quầy	691
ngây	691
rỉ	691
phụng	691
xôn	691
rốt	689
dép	689
ưng	689
cọ	687
đạc	686
phím	686
tấu	686
len	686
xài	686
kỉ	683
đếm	679
quất	679
thiêu	679
sạt	679
khỉ	675
rách	674
chay	674
sành	673
bẩm	673
bai	672
khía	672
giò	672
lụa	671
chèo	670
phì	669
ủ	669
bong	669
ru	668
lẫy	668
nản	668
bo	667
cọc	666
đôn	666
bồng	664
gậy	661
hốt	661
giòn	661
đu	660
nhịn	659
muỗng	659
phẳng	656
bừng	656
liu	655
iu	655
lữ	653
bưởi	652
tút	650
xé	650
kin	650
phô	650
nới	649
kè	649
ngẫu	648
thon	647
ngứa	647
quyển	647
run	647
lười	647
bạt	646
ngà	646
hăng	644
dưng	644
lõi	643
xưng	642
phở	642
ốt	641
khâm	640
cấy	640
ngậm	640
trơn	640
quấy	638
trâm	638
tia	636
tóm	636
đục	636
mâm	635
báu	634
siết	633
hất	632
lu	629
điêu	629
hóc	627
trăn	627
dai	626
nuối	626
quạt	625
hoạn	624
kí	624
khay	623
huân	623
quấn	623
mượt	621
viếng	619
thòi	618
vắt	617
ve	616
ghê	616
lốp	616
thắm	614
mác	613
tho	613
gạt	613
ư	612
cưng	611
đũa	610
cuộn	608
khiếm	607
de	607
kẽ	606
mài	604
vòi	603
nhọc	603
cỗ	603
vãn	602
thạo	602
rơn	600
kiêng	599
rịa	598
nít	597
bọt	595
vu	595
lộng	594
mướp	594
chiết	594
oai	594
uốn	593
mãnh	593
van	593
vơ	593
miên	592
ả	591
bu	589
choáng	589
kiêu	588
bới	588
bã	588
vượng	587
ngạt	587
dang	587
gầm	585
dè	584
ngỏ	584
nể	584
sét	584
phàn	582
đò	582
chì	582
bảy	577
tước	577
úy	576
hạch	575
né	575
tăm	574
đấm	572
ầm	570
vá	569
níu	568
tum	568
thoa	568
dào	567
tà	567
nang	566
lén	566
mẫn	565
tịnh	565
gốm	564
chích	564
búa	564
nức	563
phiêu	563
ngoạn	563
trêu	562
thối	562
tẩu	561
cẩu	561
xẻ	560
phao	556
thốt	556
neo	554
tưới	553
toan	552
trán	551
sừng	551
sẹo	551
nhuộm	549
chạp	548
khốc	547
nến	547
kìm	546
mương	545
rễ	544
ang	542
sọ	542
nhai	541
mỉm	540
trèo	539
ngửa	539
táng	539
xíu	537
búp	536
ngàng	536
dê	535
hạm	535
thuở	534
khương	533
cày	533
nghênh	532
pô	531
gu	531
xịt	531
gõ	530
bứt	529
kon	529
lác	529
ạt	528
hông	528
đàng	527
đèo	527
keo	525
ngoặt	523
the	521
xoáy	520
hít	520
kệ	519
sô	518
khiết	518
trút	517
liêng	517
náo	515
xướng	515
gieo	515
gặt	515
oa	515
nhóc	513
côi	512
khẽ	511
băm	511
lún	510
sấu	509
khỏa	509
chót	506
thính	506
gót	506
tạt	506
nhiễu	506
diều	505
then	504
me	504
tui	503
hãm	502
quật	500
bênh	498
nạ	498
dằn	497
sâm	496
huyệt	496
trói	495
mẹo	494
đắk	494
bẻ	494
nón	494
miêu	494
sưa	492
quỳ	491
cúi	491
tem	489
xoài	488
ngán	487
mải	487
gàng	487
chông	486
gật	486
lanh	486
ngả	485
méo	483
xảo	483
rập	483
ngấm	482
ốp	482
kông	481
rưỡi	481
que	481
vung	480
át	479
rỗi	479
khuấy	479
cào	478
tụi	478
nấy	477
nhồi	477
lúng	477
rán	476
mép	475
vùi	475
trặc	474
khăng	472
đao	472
nhái	470
lì	469
vuốt	468
hé	468
mìn	468
trổ	467
thêu	467
xước	467
tưng	466
chuồng	465
nê	465
tủi	464
rã	463
bìa	463
khắt	463
gươm	463
bướu	463
diệp	462
cưa	462
khốn	462
nập	462
xấp	462
vụn	461
sỏi	461
răn	461
rát	460
mạ	458
cõi	458
nếm	458
trù	457
ngặt	457
côm	457
nhào	456
lựu	455
chững	455
diễu	454
cáu	454
chuộc	454
mủ	453
miệt	452
rạn	452
gội	451
bén	449
ngài	448
hủ	448
khử	447
nhang	447
đay	447
ngơ	445
suýt	445
đẫm	445
tẻ	444
ế	443
ếch	443
rảnh	442
nghiền	441
sê	439
dạt	439
chùm	438
lay	438
nhốt	438
hiên	437
vơi	437
khoát	437
cối	436
kẹp	435
vét	434
lóc	433
viền	433
hấu	430
miếu	429
tốp	428
dông	427
tuyền	427
phiến	426
vặn	426
choi	426
ắc	425
nộ	424
yếm	424
giặc	424
nghẽn	423
sạc	423
rai	423
rò	421
ngóng	420
lụy	419
rước	419
mồm	419
giục	419
phồng	419
quách	418
reo	418
rụi	418
vàn	417
toa	417
ngắt	417
nhủ	416
lư	416
ấu	415
khinh	413
chiu	413
chằng	412
thề	412
lẩu	412
sấy	411
nóc	411
lượn	410
tý	409
líp	409
nhàm	409
dặm	408
hệt	408
le	407
kỵ	407
ngó	406
thốn	406
gân	406
sầm	406
vẫy	405
quẩn	405
hổng	404
nghẹn	404
cấn	403
xâu	403
quỵ	402
ren	402
đả	401
phai	401
té	401
võng	401
vôi	400
sòng	400
mách	399
thiêm	398
phơ	398
phác	396
rổ	395
úng	394
rầm	394
tản	393
giêng	392
bạ	392
pho	391
lũng	391
lừng	390
hen	389
nần	389
quây	389
phẫn	388
uất	388
ôi	388
nem	387
ngu	387
biếu	386
cù	386
un	386
lẩn	385
ngụy	383
nhôm	383
đực	383
hãnh	380
xỉu	379
nạo	378
sào	378
ứ	377
toát	377
trãi	377
nhện	376
ghe	375
cuống	374
bơn	374
nghẹt	374
vun	373
bừa	373
ngao	372
tít	372
dầm	372
loét	372
xáo	371
chói	371
ngục	371
bit	371
nhét	370
nám	370
thửa	369
giằng	369
vòm	369
hoán	368
dãi	368
nách	368
phen	366
nỉ	366
ruồi	366
sừn	366
suôn	366
tuột	366
dì	365
cạo	365
phôi	363
lửng	363
chập	363
trệ	363
bẹp	362
nạt	361
mót	360
bầm	360
ngòi	360
xộn	359
xua	359
húc	359
cụt	358
gáy	358
tẩm	358
quậy	357
mỉ	357
chèn	356
nhờn	356
se	356
rốn	356
luyến	355
bời	355
xy	354
khuê	354
ngốc	354
chip	353
héc	352
tắn	351
úp	351
khoanh	351
vụng	350
gào	349
váng	349
chiểu	349
nhừ	348
nòng	347
loãng	347
vừng	347
ray	346
đố	346
bịch	346
bung	344
rơm	344
điềm	343
lều	343
vạ	343
niệu	342
ắp	341
thỏ	341
thừng	340
tụy	340
lơn	339
dẻ	339
dong	338
bính	337
rồ	337
sỡ	337
xơn	335
nực	335
đãng	334
năn	334
kiếp	333
tị	333
nhổ	333
kền	332
mẩn	332
tro	332
chước	331
ngẩn	331
ngươi	331
đốn	329
ỏi	329
tảo	329
ẩu	328
chà	328
chôm	328
cội	328
tỵ	328
đái	327
vò	327
hường	326
ắt	325
củi	324
ia	324
vo	323
muội	323
xốp	323
chát	323
quýt	322
sặc	322
nhằn	321
gớm	321
hê	320
thày	319
tuông	319
sọc	319
cược	319
khấn	318
sảng	318
nặc	318
ngùi	317
trau	317
chổi	317
tuýp	317
trỗi	316
quí	316
chan	316
é	316
tiu	315
khế	315
kham	315
rỗng	315
giở	315
gắm	315
thiền	314
òa	314
ka	312
sầu	312
mo	311
nung	311
thâu	311
gọt	311
tràm	310
lắk	310
điếu	309
sưởi	309
quai	309
dấy	309
hấn	308
thuột	308
tủy	308
thiều	308
ních	307
nguyền	307
biếng	307
hanh	307
sắn	306
sỉ	306
khuynh	305
mè	305
mồng	305
thán	305
bèo	305
rót	305
ngẫm	303
teo	303
xù	302
phả	302
kẽm	302
mậu	301
sảo	301
tiệp	301
doãn	301
ram	300
thới	299
dơ	299
chướng	299
xỉn	298
mão	297
típ	297
xịn	296
hàu	296
hăm	296
xuồng	296
súp	295
tỉa	295
chàm	295
bệ	295
khoắn	294
giầy	294
dế	294
ngủi	294
xiết	294
chài	294
mấu	294
lố	293
giỏ	293
sạp	293
dứa	292
duệ	292
nhậm	292
bùa	291
trót	291
trầy	290
trơ	289
bói	289
phin	289
thê	289
hòng	288
nhoáng	288
nhẹn	288
hãn	287
lẫm	287
choàng	287
ảm	287
quàng	287
lim	286
xoan	286
lươn	285
hùm	285
thét	285
dột	285
hoay	285
bướm	284
loay	284
tơi	284
giun	282
ngoãn	281
gang	281
cằm	281
mụ	280
mớ	280
trĩ	279
ngách	279
múc	278
sủa	278
nghĩnh	277
rượt	277
két	277
miện	277
quyện	277
bầy	277
vụt	277
xảy	277
giỗ	276
xiếc	276
cưỡi	276
ky	276
hèn	276
nhô	276
hằn	276
hờn	275
sam	274
mênh	273
vớ	273
dô	273
nhấc	273
lằn	273
go	272
còng	272
cừ	272
rôn	272
nhích	272
nành	271
cộ	271
chệch	270
riết	270
bục	269
xuyến	269
phông	269
nhảnh	269
quặng	268
sáo	268
nhâm	268
sệt	268
cau	268
ngửi	267
sói	267
sum	267
tạc	266
miu	266
nà	265
tã	265
đấng	265
lút	265
phèn	264
thuyên	264
chắp	263
gập	263
xoắn	263
gượng	263
giăng	263
vỹ	263
căm	262
te	262
mướt	262
ĩ	261
ngời	261
khét	261
túm	261
quáng	261
chòm	261
trọc	260
sít	260
tòi	259
triền	258
chat	258
sanh	258
đốm	257
lùn	257
bộn	257
trợn	257
mướn	256
cừu	255
găng	254
vái	253
tanh	253
dí	253
vip	253
rình	253
lầy	253
tét	253
nao	252
giấm	252
bưng	251
đong	251
lã	251
vat	250
sò	250
chần	250
thỏm	249
cặn	249
thẳm	249
hũ	248
niu	248
xan	247
dăm	247
ran	246
mịt	246
bỉm	246
nguôi	246
oán	246
vãng	246
phét	245
nắn	245
chít	245
nom	245
vạt	244
ngượng	244
xắt	244
nhút	243
thóc	243
đọ	241
chồn	241
cồng	241
chắt	241
sả	241
đùng	241
rùng	241
nhúng	241
khoét	241
xổ	241
rưng	240
vựa	240
sục	239
chao	238
ngớt	238
tấc	237
rậm	237
múp	237
re	236
chòi	236
lẻo	235
áng	234
rêu	234
câm	234
ngớ	234
trá	233
nhún	233
cẳng	233
tiếu	232
bịa	232
nhũ	232
xoăn	231
hễ	231
trướng	231
mầu	231
dẫm	231
chư	231
ngói	230
séc	230
tuồng	230
thiếp	229
sảy	229
nhăng	229
cỏi	229
xoang	228
hun	228
tào	228
dỗi	228
gạc	228
lon	227
rành	227
rãnh	227
it	227
xòe	226
thung	226
đẽ	226
giông	226
sụn	226
ói	226
độn	225
nghé	225
nấc	225
nghiến	224
vệt	224
ngợm	224
loang	224
rằm	223
ngùng	223
tua	223
kén	223
găm	222
hẫng	222
tằm	222
đờn	222
phăng	222
bành	221
tột	221
dỏm	221
nặn	221
hốc	220
oi	220
ngừ	220
cuốc	220
cằn	220
gồng	220
dặt	220
kiệu	220
diêm	219
líu	219
dấn	219
hởi	218
buốt	218
vát	218
nè	218
sảnh	217
gắp	217
dìu	217
nhòa	217
ngáy	217
bèn	217
nghén	216
đỗi	216
trầu	216
bần	216
đúp	216
phất	216
buồm	215
rông	215
gióng	215
dậu	215
hắc	214
lạy	214
hời	213
thớt	213
lạch	213
quăng	213
oe	213
sộ	213
nhối	212
bon	212
trẻo	212
nu	212
rợn	212
hiu	212
đẫy	212
nháy	211
uông	211
thằn	211
sững	211
mẩu	211
nẻo	211
lượm	210
lép	210
điếc	210
lõm	209
dơi	209
nín	209
hổi	209
sùng	208
lẳng	208
chộp	208
vãi	208
xui	208
ươm	208
chang	207
ngưu	207
nhấp	206
rụt	206
ben	206
rèm	206
tòng	206
khùng	205
tỳ	205
táp	205
uyển	204
đét	204
nham	203
quặc	203
vía	203
đóa	203
ngạo	203
râm	203
đổng	203
hòm	203
bot	202
ụ	202
tép	202
nhớt	202
thun	201
hột	201
hon	201
khít	201
ngò	200
ngải	200
ó	200
ải	200
kiểng	199
chớt	199
vế	198
bửu	198
vênh	198
vỏn	198
lán	198
lùm	198
héo	198
ngổn	197
góa	197
múi	197
thìn	197
khảm	197
rầy	196
bềnh	195
ỷ	195
bậy	195
lìa	194
nấp	194
phình	194
chưởng	194
thảnh	194
nốc	194
muống	194
cốp	194
càn	194
nhác	194
diên	194
khất	193
lem	193
chớm	193
phách	193
min	193
toái	193
hạo	193
phộng	193
ngút	193
duẩn	192
chạc	192
nhuệ	192
kèo	192
nhỡ	192
sẫm	191
hươu	191
chầu	191
đày	191
gỉ	191
rưới	190
trớ	190
hỷ	189
cún	189
dụm	189
gởi	188
pun	188
gỏi	188
dẳng	188
tếch	188
nhá	188
éo	187
đểu	187
chội	187
dùi	187
miến	187
thơi	187
láp	187
lênh	186
cốm	186
rè	185
vần	185
tề	185
bở	185
thò	185
mơn	185
sửng	185
phích	185
mó	185
vâng	184
gao	184
lẽo	183
mận	183
vút	183
gộp	183
vén	182
mỗ	182
tợn	182
boong	181
vẩn	181
ria	181
nhuần	181
tía	181
hụi	181
hới	181
tót	181
chùi	180
nhả	180
vảy	180
ối	180
đằm	180
cộm	179
hú	179
ten	179
lả	179
be	179
ố	179
ẵm	179
bỉnh	179
nây	178
chằm	178
xóc	178
cọng	178
núm	178
kèn	178
cõng	178
dìm	178
rầu	178
tì	177
bả	177
xên	177
sán	176
trũng	176
mửa	175
mui	174
nhảm	174
tày	173
thố	173
nhõm	173
kềnh	173
bợ	173
om	173
giùm	172
nhọt	172
ngạn	172
kô	172
nhẹt	172
nạc	172
thẹn	172
lảng	172
luồn	171
cút	171
nheo	171
kạn	171
ùa	170
nậm	170
ì	170
phờ	170
khỉnh	170
sà	169
thoi	169
tớp	169
đút	169
sẩy	168
hợi	168
vầy	167
hinh	167
nghêu	167
há	167
vạc	167
voan	167
khờ	167
chiêng	167
nong	167
giẫm	166
trác	166
rục	166
dầy	166
suông	166
vằn	165
cật	165
ngậy	165
khàn	165
núp	165
ngẩng	164
búi	164
huyên	164
mễ	164
hóm	164
nia	163
xói	163
phồn	163
bịp	162
hỉnh	162
suyễn	162
toản	162
sùi	161
gạ	161
trỏ	160
tróc	160
quầng	160
thụt	160
hến	160
thót	160
hớt	160
gán	159
thướt	159
trồ	159
đát	159
mọng	159
kháu	159
thẫn	159
tròng	158
bướng	158
điểu	158
kình	158
chừ	157
sứt	157
đanh	157
xốt	157
nháo	157
nhẽo	157
lợp	156
xén	156
rịch	156
nhấm	156
rôm	156
lịm	156
rìa	156
giỡn	156
ổi	156
diết	156
trịa	156
ráng	155
ngác	155
nhọ	155
khóe	155
mị	155
mĩ	155
lồi	155
tuất	154
ghẹo	154
mích	154
ăng	154
chừa	154
bấp	154
gặm	154
chóp	154
khêu	153
um	153
sá	153
xới	153
sạm	153
hững	153
xệ	153
chỉn	153
hẻo	153
rủa	152
óng	152
trọt	152
giãi	152
chuồn	152
nỡ	152
thảy	151
nhỉnh	151
vữa	151
rườm	151
von	151
chuốt	151
bổn	150
nết	150
lấm	150
lỏi	150
ngót	150
ngẩm	150
bỡ	149
luẩn	149
cứa	149
sàm	149
hớn	149
ợ	149
phào	149
chồi	149
hực	149
chạnh	148
xép	148
mào	148
xở	148
răm	147
ló	147
dấm	147
lắt	147
xiêu	147
lình	147
vẹo	146
nghè	146
chịt	145
sên	145
chầm	145
đác	145
nện	144
nậu	144
hạc	144
phui	144
đản	144
oải	143
tè	143
rú	143
bốt	143
gù	143
chong	143
cóp	143
mao	142
nọc	142
ne	142
xáp	142
húng	142
xúi	142
chày	142
lòa	141
đé	141
rinh	141
phiện	141
nhếch	140
lèo	140
lẻn	140
bặm	140
điếm	140
lự	140
bịu	140
vỉ	140
chơn	140
bết	140
sấm	139
lóng	139
rin	139
ngáo	139
nép	139
cơi	139
hót	138
nhão	138
hop	138
bìu	138
kìa	138
nghê	138
hí	137
vồng	137
đềm	137
hip	137
rết	137
nẻ	137
chợp	137
ngốn	136
chĩa	136
thỏi	136
mọt	136
luống	136
mạt	136
nhúm	136
sần	135
mịch	135
giếm	135
vẹt	135
nhoi	135
hẹ	135
tấy	135
ke	135
lọn	135
he	134
cui	134
chực	134
ỉ	134
hoằng	134
ã	134
ghẻ	133
xùm	133
riu	133
cọp	133
hoe	133
tru	133
sửu	133
xỏ	132
sấp	132
náu	132
uổng	132
lâng	132
trứ	132
ngoai	132
rúng	132
gáp	132
kẻo	132
thong	132
phết	131
nhím	131
chẻ	131
lặt	131
nhầy	131
uẩn	131
liếc	131
nài	131
nhè	131
rợ	130
toang	130
xoong	130
bôn	130
thui	129
trĩu	129
khiêng	129
tráo	129
sải	129
bệt	129
hu	128
thặng	128
trụy	128
nòi	128
inh	128
ú	128
bấc	128
phùn	128
ớn	128
thồ	128
nôm	127
hóng	127
dĩa	127
nịnh	127
duỗi	127
xiên	127
bàu	126
hợt	126
nhen	126
tèo	126
rả	126
vồ	125
trệt	125
ngát	125
nhói	125
trạc	125
í	125
trụi	124
nháp	124
đờm	124
hớ	124
thúng	124
vẩy	124
bét	124
mỵ	124
tuôn	123
ngông	123
lốt	123
vông	123
ngước	122
ngợp	122
guồng	122
cưu	122
tray	122
bập	122
núc	122
rẩy	122
xiêm	122
thủa	121
rap	121
ná	121
lích	121
hì	121
au	121
yểm	121
vin	121
nhép	121
giũ	121
giời	121
ngóc	121
rích	121
cang	120
víu	119
láo	119
đoái	119
gãi	119
chồm	119
tiệt	119
nhẵn	119
lụi	118
cáng	118
cợt	118
ré	117
lõng	117
hích	117
ganh	117
kỉnh	117
mỉa	117
trảng	117
bảnh	116
giàng	116
chùn	116
phũ	116
phàng	116
dượng	115
tành	115
nhạo	115
mói	115
hủi	115
rim	115
miết	115
beng	115
thỉu	115
hách	114
chột	114
tễ	114
cụi	114
lọi	114
hỉ	114
sứa	114
liếng	113
cữ	113
lỵ	113
săm	113
dát	113
lia	113
nhuế	112
nua	112
ừ	112
lùa	112
nơm	112
rọi	112
cót	112
quẹt	112
truất	112
rên	112
loanh	112
cầy	112
ắng	111
xơi	111
thía	111
ù	111
gài	111
khản	111
toại	111
tun	111
vích	111
nãy	111
hừng	110
hửng	110
tuồn	110
nhạn	110
hên	109
cùi	109
đênh	109
trề	109
sình	109
pan	109
ghềnh	108
ruốc	108
nhoài	108
téc	108
nuột	108
sậm	108
móp	108
hám	107
đuốc	107
tậu	107
ken	107
hin	107
thau	107
mánh	106
xình	106
xối	106
đùm	106
bống	106
mếu	106
tóe	106
choạng	106
giễu	106
ngầu	106
báng	106
nhàu	105
quệt	105
lơi	105
vầng	105
nhằng	105
trượng	105
trìu	105
nệm	105
đớt	104
trát	104
lóe	104
xẩm	104
gáo	104
khăm	104
tởm	104
nũng	103
lủi	103
bĩnh	103
nhót	103
rìu	103
hù	103
nhợt	103
xẻo	103
nấng	102
bươn	102
đượm	102
hục	102
lẹ	102
nhựt	102
phàm	102
khóm	101
ruổi	101
bẽ	101
sới	101
vánh	101
rứt	101
ngưởng	100
chãi	100
nứa	100
nhòm	100
máng	100
lết	100
tịt	100
tuộc	99
dấp	99
ngoảnh	99
ring	99
nán	99
lức	99
nhổn	99
tươm	99
chẵn	99
thoắt	99
sắng	99
liếm	99
thiu	99
nằng	98
vại	98
đọa	98
cặm	98
phom	98
cạy	98
diếp	98
bủa	98
luông	98
xẹp	98
bặt	98
rộp	98
loi	98
nhặn	97
khoải	97
chun	97
lỉnh	97
rởm	96
trôm	96
thình	96
riềng	96
khau	96
cuông	96
gổ	96
kao	96
đần	96
vó	95
thóp	95
tắp	95
nải	95
mả	95
nhẽ	95
vàm	95
loạng	95
lòi	95
náy	95
oái	95
ngai	94
cộc	94
cũi	94
nhẩm	94
lẩm	94
muồi	93
tửu	93
phiếm	93
áy	93
tầu	93
thỉ	93
nhe	93
bự	93
phiệt	93
dúm	93
khuếch	93
chới	93
nhuốm	92
nớp	92
khư	92
thào	92
gả	92
bẹ	92
tuốt	92
khước	92
giương	92
khuỷu	92
biếm	92
quẫn	91
thổn	91
huê	91
hói	91
ngụt	91
nuông	91
xó	91
trám	91
nghịt	91
ngỗng	91
moi	91
thoạt	91
hơ	91
chửa	91
cạm	91
cựa	91
bớ	91
dền	91
nộm	91
gấm	91
biền	91
mành	91
đoản	90
mũm	90
nịu	90
én	90
chùng	90
lủng	90
khiên	90
tăn	90
ngùn	90
ất	90
dốt	89
yểu	89
sến	89
sú	89
quạ	89
đùn	89
rạc	89
hòe	89
lét	88
nhơ	88
dãn	88
ngáp	88
bõ	88
gút	88
loáng	88
vèo	87
gờm	87
viêng	87
xuýt	87
đỉa	87
xốc	87
lừ	87
xèo	87
lòe	87
mảy	86
diêu	86
nệ	86
đận	86
xéo	86
lóa	86
ạch	86
ghẹ	86
ké	86
cuồn	85
bím	85
vón	85
khò	85
vựng	85
xúm	85
nghếch	85
nhản	85
đĩnh	85
ngoặc	85
trồi	84
dẹt	84
mĩm	84
khập	84
biếc	84
gien	84
tiều	84
dúi	84
chác	84
đẩu	83
hộc	83
veo	83
gô	83
thiển	83
mãng	82
xuể	82
nhám	82
xòa	82
trừu	82
khèn	82
tóp	82
him	82
trít	82
rói	82
chường	82
hùn	81
nịt	81
lể	81
thẫm	81
nhú	81
chin	81
gợn	81
ghim	81
nhòe	81
mé	81
loát	81
thòng	81
ruồng	81
bâng	81
rần	81
đóm	81
rựa	81
chửng	80
dượt	80
ổng	80
kị	80
xo	80
ton	80
nghía	80
rặng	79
chíp	79
lè	79
lổ	79
sủng	79
gôn	79
bờm	79
cữu	79
bẹn	79
đơm	79
ửng	79
guốc	79
tưởi	79
gặng	79
nõn	79
mền	78
gọng	78
thít	78
dĩnh	78
pe	78
ngấy	78
mống	78
chườm	78
vù	78
tom	78
soài	77
phập	77
tùm	77
quặn	77
xõa	77
gồ	77
thẩn	77
mẩy	77
quằn	77
cườm	77
nhộng	77
rợp	77
lũi	76
đẽo	76
nỏ	76
mề	76
vịn	76
chề	76
hoắc	76
phảng	76
vót	76
sính	76
đáu	76
quẻ	76
ròi	76
diệc	75
niêu	75
uể	75
soái	75
sền	75
nhem	75
gí	75
ngổ	74
gàu	74
nườm	74
rì	74
nghiễm	74
bằm	74
hênh	74
hão	74
vắn	74
rạ	74
phung	74
ngố	74
cỗi	74
phỉ	73
tâng	73
khiễng	73
trườn	73
èo	73
bỉu	73
truân	73
khấp	73
sọt	73
nượp	73
gẫu	73
chum	73
thủi	73
chét	72
cheo	72
lềnh	72
dó	72
ngụm	72
kheo	72
lõa	72
liệm	72
mún	72
trấu	72
chấu	72
quánh	72
đìa	72
giập	71
lài	71
quẳng	71
rịn	71
nạng	71
siêng	71
ngái	71
phèo	71
uột	71
lôn	71
đẵng	70
hây	70
riêu	70
thiếc	70
giồng	70
ớ	70
tàm	70
ém	70
gấc	70
cồ	70
mợ	70
chờn	70
phốt	70
ứa	70
chây	69
nhó	69
gin	69
oằn	69
ngoa	69
tĩu	69
uế	69
lêu	69
khè	69
khơ	69
xỉa	69
thinh	69
khấm	69
nái	68
bẫm	68
ngan	68
khạc	68
chiềng	68
tuýt	68
dả	68
gio	68
nhũn	68
đủi	68
nhiếc	68
dửng	68
gẫm	67
kếch	67
trịch	67
chuốc	67
còm	67
toáng	67
cóng	67
thệ	67
dằng	67
quại	67
xẻng	67
bân	67
bịn	67
xửng	66
rắm	66
diệm	66
chòng	66
sủi	66
tánh	66
khảnh	66
tẹo	66
lững	66
quỵt	66
háng	66
réo	66
ngọng	66
noãn	66
khuân	66
nhảu	66
sác	66
úa	66
lẵng	66
bụ	65
khom	65
phên	65
đước	65
quắt	65
đảnh	65
muốt	65
lìm	65
bụt	65
vạm	65
gùi	65
khua	64
giẻ	64
ỳ	64
đăm	64
ghém	64
ui	64
kiết	64
ngoáy	64
nùng	64
bua	64
lặc	64
pác	63
mạp	63
sũng	63
rắp	63
viển	63
dậm	63
hùa	63
giãy	63
đỏng	63
rượi	63
nhãng	63
khố	63
choai	63
bêu	63
ăm	62
khuây	62
xị	62
thớ	62
vam	62
tụm	62
hỡi	61
ghì	61
dụi	61
lù	61
dim	61
cuội	61
ngấn	61
bọng	61
xộc	61
oăm	61
húp	61
nanh	61
quạnh	61
phìn	61
máo	61
ruy	60
giậm	60
rếch	60
nẩy	60
láy	60
hom	60
rằn	60
moóc	60
tộ	60
dề	60
giũa	60
lãn	60
nhúc	60
nhăm	60
bấu	60
thênh	59
trê	59
buột	59
tạnh	59
thây	59
đung	59
ríu	59
díu	59
hĩnh	59
hoen	59
loẹt	59
eng	59
lọng	59
hậm	59
quơ	59
vuột	59
bìm	58
toanh	58
gạn	58
chổng	58
ngăm	58
lợm	58
nhại	58
xập	58
ẹp	58
vẻn	58
tủa	58
nướu	58
lẹt	58
duật	58
phúng	58
trớn	57
mú	57
hớp	57
bĩu	57
rúm	57
khong	57
rùm	57
truồng	57
sìn	57
giê	57
tể	57
beo	57
ngấp	57
địu	57
don	56
dan	56
thoang	56
húi	56
lúm	56
nhành	56
thó	55
nhõng	55
ráy	55
soán	55
hua	55
siu	55
thãi	55
cộp	55
tằn	55
chẹt	55
gằn	55
chộn	55
vợi	55
quệ	55
ầ	54
cói	54
giuộc	54
dích	54
huề	54
khà	54
hòi	54
khều	54
xuyết	54
nhốn	54
huyễn	54
rĩ	54
thăn	54
phuy	54
nẹp	54
toác	54
cạch	54
dòm	54
rặn	54
nhố	54
khệ	53
lèn	53
nhử	53
kệch	53
thoăn	53
lằng	53
rớm	53
hong	53
ghìm	53
sực	53
queo	53
đít	53
mun	53
đọt	53
xụp	53
phới	53
lụng	53
gianh	52
hựu	52
chình	52
păng	52
meo	52
khểnh	52
gâu	52
toạc	52
trập	52
túp	52
pheo	52
chỏng	52
cuỗm	52
toét	52
phắt	52
nồm	51
ngụp	51
nhông	51
lảo	51
pù	51
nựng	51
chau	51
rờn	51
ngoằn	51
khứu	51
rốc	51
ngòm	51
hau	51
nịch	51
voọc	51
phụt	51
bợm	51
khuy	50
chành	50
luộm	50
bươu	50
dôi	50
gành	50
nẹt	50
gột	50
vạy	50
đin	50
rám	50
ọp	50
mớm	50
thuộm	50
lói	50
quẩy	49
móm	49
tủm	49
mần	49
lúi	49
lém	49
ới	49
khuâng	49
muồng	49
rỉnh	49
rưởi	49
vượn	49
trụng	49
phổng	49
dõng	49
nghinh	49
đom	49
lụp	49
nhài	49
rúc	48
bện	48
tỉm	48
rữa	48
điếng	48
giầu	48
quyệt	48
phiu	48
tíu	48
bâu	48
bẵm	48
ngoi	48
trắm	48
nhứt	48
ị	48
nhổm	48
chúi	48
mố	48
búng	48
tời	48
rứa	48
mon	48
giụa	48
mòi	47
vè	47
thạp	47
mọn	47
rom	47
tráp	47
xôm	47
rén	47
đoài	47
hạp	47
vức	47
kên	47
rủng	47
thốc	47
véo	46
lạn	46
rắt	46
bum	46
din	46
gộc	46
phinh	46
chóe	46
xệch	46
mươn	46
nghệch	46
ngỗ	46
rươi	46
xắc	46
sớ	46
đẹt	46
kiềng	46
chọt	46
trẩy	45
chễm	45
mẫm	45
đĩ	45
phủi	45
rền	45
lổng	45
vạng	45
xúp	45
cùn	45
guộc	45
dật	45
chỏm	45
dặc	45
háu	45
tong	45
khứa	45
quắp	45
rạo	45
đon	45
vao	44
xoe	44
chằn	44
chù	44
nhụy	44
càu	44
chếch	44
dìn	44
kịt	44
nưa	44
ngấu	44
thóa	44
sôn	44
trằn	44
vảng	44
sờn	44
thoai	44
lậy	44
thím	44
đìu	44
lứt	44
toi	44
xẹt	44
â	44
sệ	44
mân	44
đồm	43
kang	43
kháo	43
toe	43
phò	43
chõ	43
nhởn	43
kẻng	43
rệu	43
trôn	43
ưỡn	43
khênh	43
trọi	43
mỏm	43
mùn	43
hý	42
nghét	42
mủi	42
thảng	42
xuề	42
rua	42
giắt	42
mèm	42
phầm	42
sạ	42
lất	42
tửng	41
rá	41
sì	41
rảo	41
khựng	41
núng	41
soóc	41
miều	41
bẳn	41
muông	41
xuẩn	41
vôn	41
mấp	41
khàng	41
ngo	41
liềm	41
quẹo	41
ghề	40
giựt	40
xổi	40
tệp	40
sồi	40
bẽn	40
nhíu	40
lẽn	40
rỏi	40
bủn	40
phang	40
phây	40
nạm	40
hiềm	40
quẫy	40
choe	40
làu	40
vấy	40
phơn	40
ngoèo	40
sám	40
rận	40
ngoạm	39
ời	39
leng	39
rí	39
mõm	39
ngạnh	39
trạo	39
nhạnh	39
khiu	39
xon	39
ngoạc	39
nghịu	39
láu	39
đớp	39
đòng	39
huýt	39
vẳng	39
tếu	38
cảo	38
tênh	38
nguệch	38
túa	38
kai	38
chệ	38
ngoe	38
ỉm	38
choang	38
pia	38
bõm	38
cun	38
thin	38
cắc	38
nhao	38
gỏng	38
vanh	38
lợ	38
tau	38
thọc	38
dua	38
chuôi	37
quết	37
dạc	37
mọ	37
chạng	37
loe	37
éc	37
rái	37
sướt	37
cỏn	37
mởn	37
què	37
khem	37
xổm	37
mòng	37
dớp	37
vùn	36
bẵng	36
đúm	36
hóp	36
khoắng	36
ghiền	36
bươm	36
lởm	36
súy	36
phay	36
niềng	36
khú	36
ngoắt	36
vên	35
phấp	35
bòn	35
phớ	35
nạnh	35
xắp	35
sỏ	35
sếu	35
trẽn	35
quĩ	35
thuấn	35
léc	35
mằn	34
khui	34
rum	34
trĩnh	34
phạc	34
thõng	34
kiếng	34
rường	34
nhít	34
hển	34
nhom	34
khảng	34
nghỉm	34
dũa	34
oang	34
phau	34
thũng	34
choạc	34
lỏn	34
lum	34
thuôn	34
rón	34
ộ	34
hem	34
lú	33
đót	33
vưởng	33
bốp	33
diềm	33
nhẻm	33
kềm	33
hoác	33
hổn	33
nhẹm	33
ậm	33
soạng	33
thát	33
chụm	32
khạo	32
oách	32
vẻo	32
lếch	32
tằng	32
bịnh	32
rọ	32
tiễu	32
dà	32
vờn	32
ươi	32
hắng	31
róc	31
chiền	31
khướt	31
ỏng	31
choảng	31
nhắt	31
ình	31
xốn	31
đẫn	31
đừ	31
nhớp	31
quýnh	31
ngộp	31
trối	31
xầm	31
choán	31
miễu	31
chò	31
sín	30
bậu	30
xính	30
nhon	30
huơ	30
ẻo	30
tồ	30
chởm	30
sượng	30
nhùng	30
bòng	30
mưng	30
nhìu	30
lé	30
mệ	30
đọi	30
bẽo	30
tưa	30
lảnh	30
ấ	30
xạc	30
đễnh	30
đật	30
bệch	29
gừ	29
piêu	29
rọc	29
nhoẻn	29
xức	29
đốp	29
thút	29
ỏ	29
nọt	29
dăn	29
quặt	29
ngoằng	29
rương	29
tuế	29
nục	29
dổi	29
ảng	29
lịa	29
đui	29
mõ	29
xìu	29
dềnh	29
cùm	29
luy	29
béc	29
hập	29
lườm	28
tẹt	28
thược	28
lới	28
sậy	28
sõng	28
ku	28
dúa	28
nguẩy	28
sởn	28
rỗ	28
gằm	28
mán	28
tréo	28
sém	28
ươn	28
xè	28
xược	28
sui	28
ngắc	28
ngáng	28
xúng	28
sái	28
thững	28
xoàng	28
nót	28
phễu	28
toàng	27
sồn	27
vồn	27
ngâu	27
quắc	27
xơm	27
hác	27
lớ	27
xang	27
váp	27
đủng	27
ẹo	27
mên	27
bẹt	27
nhèm	27
mím	27
nầm	27
gá	27
mèn	27
ầu	27
xáng	27
ộp	27
bấn	27
nhặng	27
thuồng	27
toẹt	27
cồm	27
chúm	27
sượt	27
rướn	27
xú	27
cụp	27
gở	27
hỏn	27
trành	27
đạ	26
quăn	26
vởn	26
nhuốc	26
tuyn	26
thượt	26
sãi	26
xường	26
lồm	26
toong	26
lưa	26
rệp	26
giặm	26
nhễ	26
sún	26
gàn	26
hổm	26
hừ	26
liễn	26
xịch	26
lom	26
phừng	26
trét	26
truật	26
rọt	26
lởn	26
khoáy	26
mẹt	26
pá	26
xớt	26
rem	26
dực	26
nhón	26
quở	26
mủn	25
lờn	25
vói	25
lẹm	25
lúp	25
sề	25
ủa	25
cạ	25
trố	25
chếnh	25
chỏ	25
tạch	25
quít	25
tuềnh	25
nhụt	25
hợm	25
nghèn	25
xếch	25
són	25
tễnh	25
náp	25
tòm	25
chạch	25
thùa	25
hum	25
huổi	25
vằng	25
chõng	24
chấy	24
ă	24
sõi	24
nhữ	24
cũn	24
sù	24
chím	24
liệng	24
thếp	24
vãnh	24
sộp	24
nẫu	24
xồ	24
lữa	24
khuỵu	24
dút	24
nhẩy	24
thàng	24
rủn	24
ục	24
sòm	24
rớ	24
dạm	23
sạo	23
kít	23
liến	23
khẩy	23
giảo	23
tược	23
ngồng	23
đũi	23
nhày	23
cáy	23
dộng	23
xoạc	23
vập	23
è	23
lẩy	23
xề	23
hằm	23
sịt	23
hoc	22
chạn	22
nắc	22
huých	22
loong	22
nhợ	22
hẵng	22
nặm	22
doi	22
phỉnh	22
loăng	22
nẫng	22
khù	22
rẻo	22
măm	22
quắm	22
ò	22
mế	22
tẩn	22
keng	22
híp	22
đũng	22
nhắng	21
cỡm	21
triện	21
đoảng	21
pích	21
sồ	21
nấn	21
ngồn	21
ró	21
mia	21
thết	21
nhồng	21
ghẽ	21
gông	21
tuốc	21
nhum	21
bủng	21
nguýt	21
tó	21
bụa	21
loằng	21
quèn	21
choong	21
nhin	21
rụm	21
hử	21
quạng	21
lởi	20
nuy	20
muỗm	20
mồn	20
nộn	20
sây	20
biều	20
nhíp	20
quờ	20
niết	20
peng	20
gièm	20
ngộn	20
dẫy	20
ỉa	20
trợt	20
liếp	20
róm	20
pắc	20
lử	20
chèm	20
đười	20
ọe	20
rày	20
cửi	20
vố	20
thụp	20
rịt	20
sẻn	20
bứng	20
ẩ	20
kiền	20
cẫng	20
chạ	20
phính	20
gụ	19
dằm	19
chái	19
sụa	19
phóc	19
xán	19
khum	19
vọc	19
tìn	19
phắc	19
sấn	19
thườn	19
đỏm	19
sẩm	19
rộc	19
khì	19
nghẽo	19
vối	19
đù	19
khọt	19
tém	19
đúa	19
ẳ	19
ghiếc	19
lỏm	19
xấc	19
giót	19
thếch	19
khẩm	19
ụp	18
quỉ	18
nự	18
cứt	18
mội	18
lổn	18
rỉa	18
trẹo	18
thoắng	18
lị	18
rấm	18
ồm	18
nạy	18
ỹ	18
ắ	18
lựng	18
kôn	18
nghễ	18
ngủn	18
dóc	18
sụ	18
riếu	18
ngợ	18
trui	18
lảm	18
oác	18
ướm	18
phăm	18
xuy	18
nác	18
dòi	18
dỏng	17
giạt	17
thều	17
ặc	17
lải	17
đì	17
nhột	17
cụng	17
nâm	17
vược	17
noong	17
khắng	17
chêm	17
xeo	17
thẹo	17
hoắt	17
coong	17
nhụa	17
mom	17
xẻn	17
rặt	17
hèm	17
xởi	17
ché	17
rêm	17
nhoẹt	17
loàn	17
chã	17
thểu	17
tuếch	17
phịch	17
táy	17
khoeo	17
ọ	17
têm	17
vẩu	17
nĩa	17
thừ	17
dái	17
suồng	17
sật	16
sã	16
bụp	16
rỏ	16
thịch	16
hống	16
xồm	16
tọt	16
sổng	16
thia	16
hẩm	16
lốn	16
họe	16
hõm	16
duối	16
sớt	16
ngụa	16
chẽn	16
hoai	16
khắn	16
thiến	16
sòn	16
phệ	16
kẹ	16
thụng	16
hếch	16
đoàng	16
xút	16
chùy	16
khụy	16
nhẩn	16
đụn	16
cón	16
gảy	15
ghèn	15
néo	15
choắt	15
phạ	15
xoạch	15
dợ	15
vện	15
soạt	15
ợt	15
xênh	15
ghè	15
bổi	15
trô	15
bỡn	15
xạo	15
nhéo	15
quì	15
bải	15
pét	15
ỡm	15
nhụi	15
nọng	15
nớ	15
phịu	15
vốc	15
xiềng	15
kiễng	15
ngãng	15
lủ	15
phéng	15
mậm	15
chụt	15
xoành	15
hụ	15
cợn	15
nhương	15
dáy	15
sểnh	14
dy	14
úm	14
chựng	14
nhỏm	14
dam	14
khạng	14
lạo	14
hỳ	14
hặc	14
tọ	14
nhướng	14
sỗ	14
rù	14
trạnh	14
nèo	14
khẹc	14
quặp	14
soa	14
chọe	14
giậu	14
ậ	14
ruỗng	14
ùng	14
tỏng	14
uỳnh	14
mén	14
ịch	14
khệnh	14
nhẫy	14
ỉu	14
xềnh	14
vống	14
doa	14
giong	14
bộp	14
bỗ	14
rống	14
xẩu	14
hoáy	13
lốm	13
dử	13
nhịt	13
dom	13
loai	13
léng	13
rức	13
giội	13
chểnh	13
ằ	13
nhách	13
nhỡn	13
giát	13
panh	13
nhẹp	13
xuê	13
bôm	13
trùn	13
giạ	13
dăng	13
nhớn	13
cỡn	13
ọc	13
phướn	13
bót	13
chòe	13
dẹo	13
nhẳng	13
suê	13
chặc	13
bui	13
mầy	13
sênh	13
nhướn	13
tủn	13
phum	13
hoải	13
chuệch	13
húy	13
gon	13
ngồ	12
đứ	12
vầu	12
nhim	12
thè	12
tứa	12
ực	12
trỗ	12
quyn	12
sặt	12
sột	12
xiêng	12
khạp	12
sồng	12
pả	12
rộm	12
pom	12
khằng	12
gụi	12
ngoắc	12
lôm	12
lườn	12
ngầy	12
moong	12
lộp	12
vểnh	12
trốc	12
bạnh	12
trảy	12
ủn	12
ngật	12
vặc	12
săng	12
xỉnh	12
nhải	12
thé	12
quàn	12
đôm	12
ngằn	12
mếch	12
dứ	12
pồ	11
yển	11
rười	11
chận	11
dẩn	11
dóng	11
dơn	11
rui	11
pà	11
tiêng	11
triêng	11
bựa	11
phéc	11
quện	11
độp	11
dọi	11
xóp	11
ừng	11
giẫy	11
thòm	11
mơi	11
khoèo	11
giôn	11
kơ	11
ẹ	11
chão	11
ngúng	11
mém	11
chẫm	11
sủ	11
õng	11
chóa	11
soong	11
chược	11
truông	11
thèn	11
phốc	11
sốp	11
huênh	11
hùi	11
ròn	11
đêu	11
chạo	11
thuổng	11
míp	11
xín	11
nính	11
dình	11
deo	11
khừng	11
oặt	11
vẹm	10
sị	10
õ	10
lống	10
mứa	10
cảu	10
luốc	10
bợt	10
chũm	10
pán	10
phè	10
chẩm	10
xoẹt	10
lủn	10
cheng	10
kếp	10
khịt	10
lua	10
lũm	10
kìn	10
lợt	10
hoảnh	10
béng	10
dờ	10
huỵch	10
vọ	10
lìu	10
gôm	10
chồ	10
hoạnh	10
thọt	10
reng	10
ngóp	10
cọt	10
bưởng	10
dồng	10
mủng	10
khục	10
hoắm	10
nghễnh	10
khễnh	10
khoắt	10
tồng	10
lẳn	10
nhự	10
chềnh	10
liệp	10
ngàm	10
rụp	9
xun	9
phếch	9
cời	9
dừ	9
chặp	9
ườn	9
xoi	9
ề	9
nguậy	9
khướu	9
nhẵng	9
lẹo	9
rạt	9
hoẵng	9
thá	9
váo	9
trũi	9
bau	9
khịa	9
kều	9
lèng	9
thúi	9
nhùi	9
khoen	9
chầy	9
khuông	9
háy	9
dúng	9
nghì	9
lìn	9
phốp	9
trệch	9
ngòn	9
tuồi	9
phềnh	9
bương	9
quềnh	9
úi	9
thum	9
xờm	9
khoi	9
ngứ	9
bụm	9
xái	9
dẽ	9
xằng	9
choẹt	9
xùa	9
chuồi	9
rế	9
díp	9
ngù	9
xẹo	8
hẩu	8
hự	8
bép	8
chơm	8
đỏi	8
nhong	8
củm	8
đợ	8
ỏn	8
pung	8
gioi	8
nả	8
bửa	8
nóp	8
chĩnh	8
thõa	8
tọng	8
ngoải	8
chũ	8
sậu	8
ngam	8
nhẩu	8
rổn	8
khẹt	8
vục	8
nghẹ	8
bẩu	8
ngoác	8
từa	8
dọ	8
giâu	8
khẳm	8
biêng	8
só	8
xiểm	8
pú	8
ẻn	8
hèo	8
mum	8
tọc	8
phiêng	8
lỡm	8
kếu	8
cọn	8
nhủi	8
xam	8
mẩm	8
đểnh	8
trốt	8
khân	8
têu	8
toòng	8
dắc	8
chiếng	8
rề	8
mấn	8
ềnh	8
ếm	8
xừ	8
nò	8
xục	8
nọi	8
bắng	8
khật	7
sằng	7
cạc	7
hoằn	7
chéng	7
khề	7
hể	7
quéo	7
thộn	7
thùm	7
ỉn	7
quạch	7
quạu	7
tén	7
huồi	7
rân	7
tởn	7
phạn	7
pang	7
nhịu	7
lụn	7
loắt	7
nghễu	7
tẽn	7
sịp	7
thài	7
liểng	7
ệ	7
hướm	7
thưng	7
rảng	7
mụt	7
kháy	7
ỵ	7
hụp	7
chệnh	7
tở	7
mớn	7
hịch	7
suyển	7
rửng	7
rạm	7
trơi	7
khụ	7
chuếnh	7
pẩu	7
tuẫn	7
sựt	7
sịa	6
nằn	6
sất	6
nhôn	6
vều	6
ằng	6
táu	6
lóp	6
phỗng	6
gườm	6
bứa	6
sùm	6
ngoẹo	6
lõ	6
mung	6
cỡi	6
rún	6
phèng	6
bươi	6
nỡm	6
khoằm	6
lóm	6
nhậy	6
mưỡu	6
lổm	6
vêu	6
lúy	6
xĩnh	6
gậm	6
đạch	6
oản	6
nẹ	6
ộc	6
ùm	6
đõ	6
gié	6
phều	6
đưng	6
hệch	6
pài	6
xoảng	6
phảy	6
ngoéo	6
nhãi	6
bỏi	6
hếu	6
thín	6
kôi	6
hềnh	6
toài	6
quài	6
đụp	6
xía	6
ử	6
nhoét	6
tèm	6
loảng	6
tịu	6
chuôm	6
pì	6
lũn	6
bệu	6
trẩu	6
dận	6
nghệt	6
khấc	6
ỗ	6
khé	6
hó	6
thụi	5
bễ	5
ngổm	5
thẩu	5
vọp	5
xiểng	5
ngường	5
khào	5
dợm	5
nhể	5
xàng	5
thớm	5
quắn	5
luýnh	5
pui	5
lọp	5
nẫm	5
thẽ	5
đớ	5
quao	5
quày	5
dớ	5
oạch	5
ngoen	5
xọ	5
thộp	5
hén	5
đú	5
chắm	5
lòm	5
tuệch	5
nghẹo	5
sổi	5
riềm	5
hầy	5
xỏa	5
gờn	5
niễng	5
chỏi	5
dũi	5
rướm	5
nột	5
khỏ	5
khúm	5
chờm	5
kẽo	5
nghện	5
nhứ	5
tậm	5
chẩu	5
xẵng	5
sụm	5
hiêng	5
pết	5
nghỉu	5
xống	5
ặ	5
đẹn	5
chũi	5
gấy	5
nhèo	5
uỵch	5
khưỡng	5
xồng	5
nhay	5
ẳng	5
lệt	5
róng	5
som	5
phoi	5
giấp	5
chẹn	5
bậm	5
trùi	5
ín	5
khòng	5
bộng	5
phưng	5
dợn	5
sũ	5
thủm	5
ễnh	5
òng	5
lếu	5
ỏm	5
soàn	5
lỉu	4
đéo	4
ngoét	4
nhệch	4
húm	4
hoong	4
cớm	4
nhâu	4
trúm	4
phọt	4
chiện	4
khẳn	4
đuột	4
choác	4
phởn	4
púng	4
xọc	4
lỉm	4
nếnh	4
gặc	4
tói	4
tẽ	4
sòi	4
sèo	4
dĩn	4
nhoóng	4
mứn	4
sè	4
ghếch	4
diếc	4
dướn	4
quị	4
dé	4
ngóm	4
dứng	4
lèm	4
khành	4
kiếu	4
thiềng	4
phạch	4
xêu	4
nhinh	4
giói	4
ẽo	4
hữ	4
nì	4
dộc	4
neng	4
chớn	4
dờn	4
ràn	4
nguây	4
vùa	4
ngộc	4
phún	4
ụt	4
thẩy	4
nhoạng	4
khắm	4
miểng	4
kháp	4
bạng	4
khòm	4
ồng	4
quẽ	4
cớn	4
dá	4
xoàm	4
cóm	4
chượp	4
ngối	4
doãng	4
quào	4
bẹo	4
tủng	4
bợn	4
trỉa	4
lẻm	4
phỡn	4
nhầu	4
nhạp	4
nhắp	4
pải	4
oạp	4
tướp	4
vạnh	4
cuộng	4
nõ	4
bớp	4
cờn	3
tròm	3
tểnh	3
trèm	3
dướng	3
nhần	3
ệch	3
trèn	3
rị	3
oại	3
phịa	3
sáy	3
khìn	3
nhóp	3
lòn	3
xọp	3
điệm	3
nhín	3
ậng	3
loen	3
nhoàng	3
xõng	3
tòe	3
nhồm	3
xộp	3
bằn	3
chậc	3
nú	3
trặn	3
bõng	3
loỏng	3
xàm	3
nhây	3
tãi	3
coóc	3
vằm	3
đoa	3
rẻng	3
ỡ	3
nhụ	3
tầy	3
mạy	3
xoen	3
quặm	3
tõm	3
mọp	3
xụi	3
quèo	3
giần	3
trằm	3
vấu	3
bồm	3
toen	3
choóng	3
suỵt	3
xom	3
trâng	3
bặp	3
khặc	3
hởn	3
nhoàm	3
khảy	3
ngửng	3
nhoáy	3
câng	3
giổi	3
xoét	3
lụm	3
giăm	3
bèm	3
dàu	3
lừu	3
lụ	3
ẩy	3
kĩu	3
nhóng	3
bửng	3
êu	3
phứt	3
nhẻ	3
hỗm	3
phứa	3
nhơm	3
khởm	3
mản	3
phài	3
rão	3
quải	3
cặt	3
xăn	3
gòi	3
sại	3
mèng	3
hoẻn	3
khỏng	3
phệt	3
găn	3
vổng	3
nghển	3
quều	3
noọng	3
phành	3
phẹt	3
trới	3
hoét	3
vóng	3
lẹp	3
nư	3
cấc	3
quạc	3
mủm	3
gồi	3
kễnh	3
nhoay	3
vền	3
trẹt	3
pồn	3
kơi	2
xịu	2
oàng	2
loăn	2
xắm	2
hánh	2
khạch	2
lấc	2
vòn	2
mẳn	2
oắt	2
lỏa	2
phị	2
ráu	2
nhúa	2
xuềnh	2
khừ	2
tợp	2
thơn	2
bứ	2
tĩ	2
rỡn	2
khươn	2
trấp	2
vày	2
nhâng	2
rệ	2
dỏ	2
nùi	2
ngớn	2
rài	2
núa	2
dảnh	2
giú	2
cuổi	2
xớ	2
pấc	2
cum	2
rươn	2
nậy	2
nình	2
cẫn	2
giạng	2
gưỡng	2
xự	2
xón	2
nghều	2
hẩy	2
gặn	2
dặng	2
hảng	2
bặn	2
nống	2
lọm	2
nghểnh	2
dùa	2
tóa	2
chẹo	2
tớn	2
yểng	2
cạu	2
thôm	2
phĩnh	2
giằm	2
bẻm	2
dẩu	2
trẹ	2
hiếng	2
hỏm	2
dộp	2
vâm	2
ngoẵng	2
khin	2
thuốn	2
tuya	2
ẻ	2
đuỗn	2
dện	2
péo	2
xớn	2
hoắng	2
lủm	2
ngoẻo	2
xệp	2
rở	2
gợt	2
ẵ	2
trụa	2
nhẹo	2
lịnh	2
tràu	2
khọm	2
sỉa	2
ịt	2
trịt	2
rấn	2
ngóe	2
ngoạy	2
bíu	2
choa	2
bựng	2
điu	2
ngủm	2
tọp	2
nhiễn	2
dồ	2
mườn	2
sêu	2
sớn	2
thòa	2
giề	2
thèo	2
náng	2
xầu	2
rấp	2
sể	2
thẻo	2
sơm	2
đụt	2
ợi	2
ầng	2
rật	2
cháng	2
tềnh	2
hứ	2
hườm	2
ngong	2
khoong	2
chếu	1
phòn	1
xùng	1
tõe	1
vổ	1
ngỏng	1
nhoang	1
choại	1
giền	1
chợn	1
đoành	1
khuơ	1
vọi	1
duộc	1
nhoèn	1
đẵn	1
xạch	1
mứu	1
quọ	1
tẻo	1
dệ	1
ngoay	1
khuỳnh	1
trệu	1
rặc	1
xảm	1
lờm	1
hươm	1
trớt	1
khằn	1
kệnh	1
dún	1
nhôi	1
lẻng	1
p	1
nghểu	1
khụt	1
pếch	1
phưỡn	1
xìa	1
quành	1
nuê	1
xoác	1
bẳm	1
khớ	1
quác	1
nổng	1
dím	1
nhặm	1
trã	1
bủ	1
trộng	1
cot	1
xực	1
giếc	1
thuỗn	1
nhủn	1
riệt	1
dèn	1
ễ	1
bẻo	1
pố	1
rẩm	1
ngảnh	1
dun	1
pằn	1
rặm	1
lảu	1
ũ	1
trộ	1
dẳn	1
guột	1
ngươn	1
nẫn	1
sẹ	1
hĩm	1
nhía	1
choèn	1
khủ	1
nhoe	1
thíp	1
đoọc	1
dác	1
nợp	1
dùn	1
ngoảy	1
nhùn	1
giỏng	1
oành	1
cức	1
quỷnh	1
đườn	1
ngấc	1
rẫm	1
lế	1
phặng	1
phặc	1
sọm	1
chíu	1
chuệnh	1
luyn	1
luốt	1
dịt	1
xím	1
pàng	1
đọn	1
moán	1
niệt	1
trổng	1
giâm	1
nhội	1
chặm	1
thột	1
nhểu	1
súi	1
thứa	1
trạt	1
uôm	1
thờn	1
sựng	1
chọp	1
choòng	1
rợi	1
bều	1
dết	1
rựng	1
hừm	1
đềnh	1
tuổng	1
hoánh	1
tướt	1
trụt	1
khự	1
ự	1
nờm	1
ngoàm	1
ể	1
luôm	1
vỏng	1
xèn	1
nhụng	1
nhồn	1
tượt	1
ẫ	1
đuồn	1
bợp	1
hẫu	1
ngốt	1
xuổng	1
chuội	1
dói	1
boòng	1
xoải	1
khới	1
bỏm	1
oẳng	1
đèm	1
gung	1
chách	1
<unk>	1
quén	1
quịt	1
đởn	1
nhóa	1
đuểnh	1
nghẻo	1
thưỡi	1
xuộm	1
tìa	1
phắn	1
mám	1
nhốc	1
qué	1
